source,method,url
71.132.136.218,GET,https://benson.regular.host/qpthzfm/gfibaoh/landing.html
46.52.138.102,POST,https://rigby.regular.host/saclut/zgbrty/tyufdbe/landing.html
84.175.155.239,GET,https://benson.regular.host/ziotkny/xsvjqr/axjfrk/stats.html
74.210.198.15,GET,https://rigby.regular.host/wtlsv/plfwin/xplrgviu/landing.html
57.119.26.193,GET,https://mordecai.regular.host/fzjena/nwjrlqu/demnb/stats.html
228.226.19.38,GET,https://benson.regular.host/jtucvp/wrhbdqgt/pskwfo/favicon.ico
163.102.225.20,GET,https://rigby.regular.host/ouagmkij/eutwvd/favicon.ico
106.130.107.157,GET,https://rigby.regular.host/kwluob/fdgblk/stats.html
180.183.190.107,GET,https://benson.regular.host/plyuag/zadhtbmq/hqoznrl/stats.html
92.112.40.73,GET,https://benson.regular.host/sqtbn/shjoqrck/landing.html
194.64.59.202,GET,https://rigby.regular.host/jwbrc/wyubzjor/stats.html
120.140.113.43,GET,https://mordecai.regular.host/ubhdpz/ufcpijhm/landing.html
188.209.141.176,GET,https://rigby.regular.host/ylzuop/iulrkp/stats.html
6.105.221.74,GET,https://rigby.regular.host/yuhdc/sohft/jnkcd/stats.html
29.32.218.136,POST,https://rigby.regular.host/dqngwxvf/stats.html
92.114.68.124,GET,https://benson.regular.host/rypbnk/rvgipdb/favicon.ico
62.104.13.56,GET,https://benson.regular.host/vpkrqy/pqublwmk/rlbtao/landing.html
74.67.18.218,GET,https://mordecai.regular.host/ntvbx/iqwzjda/stats.html
240.26.228.117,GET,https://rigby.regular.host/ahrekzv/kcfbiw/ueypx/favicon.ico
159.150.138.28,POST,https://benson.regular.host/eyntawrj/landing.html
208.134.114.65,GET,https://benson.regular.host/hgjof/favicon.ico
251.204.219.57,GET,https://rigby.regular.host/jygkbnqv/sbhiy/dazicg/stats.html
48.65.40.151,GET,https://rigby.regular.host/ymfgrd/vpzfr/iuoanxls/stats.html
5.31.65.158,POST,https://rigby.regular.host/fqzrxt/stats.html
37.119.247.242,GET,https://benson.regular.host/vplhsbxu/vbdyrq/landing.html
198.58.108.183,GET,https://rigby.regular.host/tbivqa/aevphn/favicon.ico
228.225.194.165,POST,https://benson.regular.host/mnvhztj/landing.html
7.171.141.190,GET,https://mordecai.regular.host/xlkgdijn/qrdihez/aorcfqe/stats.html
145.195.2.36,GET,https://benson.regular.host/giqrsch/cpdwmoa/landing.html
110.228.233.37,GET,https://rigby.regular.host/ecnjukp/yavcdr/gwdamkzq/landing.html
107.148.57.9,POST,https://rigby.regular.host/whrbl/fwmdi/stats.html
229.216.247.177,GET,https://rigby.regular.host/aymgp/oyicpa/favicon.ico
141.75.3.29,GET,https://benson.regular.host/fkhip/reports.xml
204.61.76.194,GET,https://benson.regular.host/dnohgc/logo.gif
18.6.25.164,POST,https://benson.regular.host/pgqaz/seilyu/unkosqm/landing.html
53.238.145.15,GET,https://mordecai.regular.host/orbemcsd/logo.gif
146.23.91.210,GET,https://mordecai.regular.host/fdulbe/gakclynq/diqzpyb/stats.html
180.152.149.10,GET,https://rigby.regular.host/ahvor/wfsacuyr/stats.html
109.245.151.100,GET,https://benson.regular.host/wulpic/vpbnu/stats.html
214.182.212.153,GET,https://rigby.regular.host/jwcfsgkn/landing.html
59.59.37.106,POST,https://benson.regular.host/dkypzh/ypmdf/hgybzpaw/stats.html
97.34.230.148,GET,https://rigby.regular.host/nvwhxbur/orcfemu/uimhysn/favicon.ico
152.34.185.137,POST,https://benson.regular.host/yiodcfza/myndksw/stats.html
184.226.205.242,GET,https://benson.regular.host/pybmfq/ughvdsjl/stats.html
142.80.146.47,GET,https://mordecai.regular.host/jwzgokb/ugxjms/stats.html
150.126.37.146,GET,https://benson.regular.host/ufesx/otiyzmv/frobcmjx/favicon.ico
238.90.131.160,POST,https://mordecai.regular.host/qhitg/ikwbto/stats.html
3.85.77.55,GET,https://benson.regular.host/tbrfaw/wratise/stats.html
37.216.52.138,POST,https://rigby.regular.host/fqvyt/ulrdtayx/logo.gif
180.114.252.66,GET,https://benson.regular.host/osndtiby/mqlgrown/landing.html
153.15.247.62,POST,https://benson.regular.host/djkixls/osznhr/stats.html
4.85.188.28,GET,https://benson.regular.host/cxwpagd/hqtgaopw/iqysagko/favicon.ico
167.204.249.222,GET,https://benson.regular.host/tlyqnoeu/ergcvkt/vynwb/landing.html
101.127.138.7,POST,https://rigby.regular.host/fzqlasj/jecsi/qjstyr/landing.html
46.211.17.218,GET,https://mordecai.regular.host/dqncx/reports.xml
59.75.16.196,GET,https://mordecai.regular.host/ojxpsn/sqpkmj/landing.html
25.10.148.199,GET,https://benson.regular.host/khpeqs/stats.html
68.2.101.212,GET,https://rigby.regular.host/cmvgjh/landing.html
30.182.26.107,GET,https://benson.regular.host/ijvkc/ljpdtwcz/landing.html
216.115.84.207,GET,https://benson.regular.host/jofgul/landing.html
109.89.34.167,GET,https://rigby.regular.host/qswflm/ewrxpiy/nsudmfp/favicon.ico
145.100.190.156,GET,https://mordecai.regular.host/eoujahcq/logo.gif
237.105.157.227,GET,https://rigby.regular.host/pqvrkyx/ouxnyg/logo.gif
74.213.38.16,GET,https://benson.regular.host/tyopgv/landing.html
52.244.196.45,GET,https://mordecai.regular.host/gahcxlwq/fsvrz/reports.xml
161.25.186.178,GET,https://benson.regular.host/grlybwxj/ybteomx/reports.xml
28.104.232.219,GET,https://benson.regular.host/xjbhvqa/eavwlg/tvuswor/stats.html
7.245.236.195,GET,https://rigby.regular.host/kvatzd/wybcvaml/brdfhigu/stats.html
19.56.226.46,POST,https://mordecai.regular.host/fjyrv/iftlszqr/fnugd/stats.html
34.248.214.54,GET,https://benson.regular.host/ejvhdgob/qtnzi/stats.html
32.133.16.58,GET,https://benson.regular.host/cdipxwql/ztrydmv/landing.html
161.196.130.169,GET,https://rigby.regular.host/mcdhanz/gctouf/logo.gif
132.226.86.151,GET,https://benson.regular.host/mltipz/stats.html
214.204.58.242,GET,https://rigby.regular.host/pfgwnhlu/cxhlb/yfrjhn/landing.html
195.14.124.18,GET,https://mordecai.regular.host/nsjmpvu/stats.html
10.49.48.218,GET,https://benson.regular.host/xepwd/khltqm/logout.php
95.27.85.99,GET,https://benson.regular.host/wbfjn/pwufeqs/whdafpzb/stats.html
252.122.209.61,POST,https://benson.regular.host/fwudea/stats.html
99.219.205.177,GET,https://rigby.regular.host/myklpaws/varkt/awbvg/logo.gif
11.90.36.195,GET,https://rigby.regular.host/sqgfj/goexfhd/hinlyrf/landing.html
110.236.41.214,POST,https://benson.regular.host/blgtyhs/pczln/sihpoaf/stats.html
125.120.213.30,GET,https://mordecai.regular.host/nhcgrbjt/glqsc/stats.html
224.167.187.247,GET,https://rigby.regular.host/wpkqsi/landing.html
235.60.70.26,GET,https://benson.regular.host/wbjqfmd/fxdvmne/vngyhjbw/stats.html
60.151.20.35,POST,https://mordecai.regular.host/vrzpf/stats.html
255.192.136.50,GET,https://rigby.regular.host/mfdzik/eopmri/fenoh/favicon.ico
44.229.122.27,GET,https://mordecai.regular.host/dpehvkgn/efplimdz/ivqato/landing.html
130.115.210.187,GET,https://benson.regular.host/xifwp/favicon.ico
168.84.142.40,POST,https://rigby.regular.host/mnfzkcu/stats.html
49.83.8.1,GET,https://rigby.regular.host/dfakmqu/fnzcpdli/mdxksetz/landing.html
33.105.148.130,POST,https://rigby.regular.host/npfjek/login.php
148.125.122.87,GET,https://mordecai.regular.host/bacjpvdw/fmxzy/reports.xml
236.199.134.114,GET,https://mordecai.regular.host/aclgspq/fuezmrn/bdtkfn/stats.html
56.152.136.114,GET,https://benson.regular.host/zgoyrstw/nsaxp/wuprlmjn/stats.html
219.51.255.202,POST,https://benson.regular.host/fdkhw/aovmrhj/gemrk/reports.xml
162.24.60.203,GET,https://rigby.regular.host/ghkucn/jgxslcif/landing.html
151.95.14.126,GET,https://mordecai.regular.host/inpbv/xcaksqrw/tiqpdbs/stats.html
181.215.11.89,GET,https://benson.regular.host/wqoxgzk/qhamyo/stats.html
4.32.82.125,GET,https://rigby.regular.host/ucotrlga/stats.html
248.208.242.1,GET,https://benson.regular.host/lsdryvzm/stats.html
1.241.81.0,GET,https://benson.regular.host/jfgqz/landing.html
62.143.92.47,POST,https://mordecai.regular.host/xbize/yviqmltu/favicon.ico
28.16.217.108,GET,https://rigby.regular.host/iptgqu/vsrudg/lynzf/stats.html
10.58.143.17,GET,https://benson.regular.host/iaczq/landing.html
200.160.186.189,GET,https://benson.regular.host/ulimdnqz/pntmcadj/favicon.ico
13.159.225.127,GET,https://rigby.regular.host/gyvlsfbu/rmfvzy/gosnvf/stats.html
186.214.21.79,GET,https://rigby.regular.host/tswmj/fhrqvk/cpkuon/stats.html
67.162.182.141,POST,https://rigby.regular.host/klfzhtq/aczwd/qhexrpt/favicon.ico
63.230.242.94,POST,https://mordecai.regular.host/mjolkd/opjthm/dwmzuj/stats.html
168.64.201.247,GET,https://benson.regular.host/gvroxzy/exdctjqw/sizylpw/stats.html
192.235.207.173,GET,https://rigby.regular.host/mkhani/whbfz/stats.html
163.146.42.171,POST,https://rigby.regular.host/pzinytkh/rgqjk/oqpgu/stats.html
171.96.170.0,GET,https://benson.regular.host/hqkfs/dmuiec/vdhwrcl/stats.html
255.160.36.156,GET,https://benson.regular.host/godbif/favicon.ico
212.222.112.146,GET,https://benson.regular.host/voyglxaf/favicon.ico
228.103.43.80,GET,https://mordecai.regular.host/ywhgzcn/lhwzorki/xvjqlh/landing.html
102.21.161.67,GET,https://mordecai.regular.host/xiqsmcwn/izhmrg/stats.html
220.215.48.148,GET,https://benson.regular.host/ptkbf/landing.html
24.45.135.24,GET,https://mordecai.regular.host/gieakj/tpblorwe/landing.html
144.232.176.238,GET,https://rigby.regular.host/hbgqjvk/gwtvmi/fkzcnop/stats.html
44.164.112.129,GET,https://benson.regular.host/hxowclzv/puycvml/ukpajnyl/stats.html
136.255.239.79,GET,https://mordecai.regular.host/rygeix/aojpev/tujslq/landing.html
176.62.80.32,GET,https://mordecai.regular.host/tewknhdo/stats.html
254.215.205.105,GET,https://benson.regular.host/sojvl/favicon.ico
216.1.18.37,POST,https://benson.regular.host/tpbdclr/ztbqxdp/btlzwh/landing.html
214.205.10.106,POST,https://mordecai.regular.host/igucl/wmblar/stats.html
128.34.22.46,GET,https://rigby.regular.host/hrlvstag/logout.php
74.35.129.145,GET,https://mordecai.regular.host/fnlbkev/gbotv/lcsrbzgn/stats.html
41.209.209.154,GET,https://rigby.regular.host/ybnpfwdh/zysgje/sycuiljx/stats.html
88.60.216.44,GET,https://benson.regular.host/qkatre/favicon.ico
172.21.159.172,GET,https://mordecai.regular.host/qvbiyj/jygroz/landing.html
89.130.206.202,GET,https://mordecai.regular.host/vpwaglij/stats.html
19.16.112.39,GET,https://benson.regular.host/kavqr/nfqbu/wmzxlbp/stats.html
117.189.115.74,GET,https://rigby.regular.host/xaegrtn/ebuga/stats.html
211.237.37.231,GET,https://rigby.regular.host/mswazyq/wgiot/pakby/landing.html
26.224.133.197,GET,https://benson.regular.host/vqbedrt/kalmzdc/stats.html
189.79.64.72,GET,https://benson.regular.host/iqxcrfz/rypsi/landing.html
99.208.48.134,GET,https://benson.regular.host/vsoqwp/fxung/landing.html
150.103.95.97,GET,https://rigby.regular.host/sqtcilg/ceiptlf/xrslguyk/favicon.ico
72.220.105.113,POST,https://benson.regular.host/fvoujnix/stats.html
11.1.49.151,GET,https://rigby.regular.host/fzbvhxaj/pmfzcsb/yvjqp/landing.html
156.27.129.7,GET,https://benson.regular.host/lvmyqas/stats.html
50.251.146.220,GET,https://benson.regular.host/gjhwfau/vwkrinfd/xnsjek/stats.html
48.246.92.99,GET,https://benson.regular.host/qwcns/landing.html
243.144.156.150,GET,https://benson.regular.host/qtofmi/landing.html
115.209.66.94,GET,https://benson.regular.host/ilhvck/aozkvgwj/stats.html
41.245.233.178,GET,https://benson.regular.host/sqphxiwj/wstjdhik/favicon.ico
51.173.192.186,GET,https://benson.regular.host/oderskbz/opskb/stats.html
31.51.233.161,GET,https://benson.regular.host/azeuript/bzmxfa/reports.xml
87.49.204.156,GET,https://rigby.regular.host/ycnrsbo/ztdxvaqp/stats.html
196.203.138.179,GET,https://benson.regular.host/bmqklujp/kvirupwx/uxkcd/logo.gif
154.122.123.250,GET,https://rigby.regular.host/hbluo/stats.html
125.92.245.169,GET,https://benson.regular.host/ufwnjkvr/stats.html
112.24.194.50,GET,https://benson.regular.host/cgyqw/vhfyjeb/favicon.ico
211.198.245.133,GET,https://rigby.regular.host/weqxv/tguhk/ukmtwjan/favicon.ico
129.4.45.124,GET,https://mordecai.regular.host/ivkxpqe/txfvrho/rvwgul/landing.html
161.113.123.197,GET,https://rigby.regular.host/nkzgxm/jegwroup/favicon.ico
55.112.31.27,GET,https://mordecai.regular.host/shfpwl/elobfn/stats.html
171.191.73.29,GET,https://benson.regular.host/vgbqf/zbjcrdgw/ydvmztj/landing.html
80.133.146.201,POST,https://benson.regular.host/qhiugypl/vfunywai/xpbrtnfl/stats.html
71.149.32.177,GET,https://benson.regular.host/yqvet/nubyvd/wenrd/landing.html
111.45.29.175,GET,https://mordecai.regular.host/snbovw/vmhadq/stats.html
213.2.242.64,GET,https://rigby.regular.host/igtrn/zgumtvxl/landing.html
248.203.2.184,GET,https://rigby.regular.host/dmfhviwx/hozuwp/favicon.ico
222.160.113.233,GET,https://mordecai.regular.host/krlqjps/ighet/npebxdjv/favicon.ico
71.159.111.186,GET,https://mordecai.regular.host/fouhb/uqhsoyp/iyxqtk/favicon.ico
143.250.136.85,GET,https://benson.regular.host/kxospr/mitol/stats.html
157.172.207.119,GET,https://benson.regular.host/meqdc/watjhy/eluqjw/stats.html
6.138.149.76,GET,https://benson.regular.host/rnxputs/aeidksm/stats.html
106.77.227.118,GET,https://benson.regular.host/heuzb/favicon.ico
212.158.167.174,GET,https://rigby.regular.host/dnkobvc/lnzujb/landing.html
29.83.217.246,GET,https://benson.regular.host/udqgcxh/stats.html
94.15.176.62,GET,https://benson.regular.host/aucpny/guphoznl/uwyfme/stats.html
105.220.160.87,GET,https://mordecai.regular.host/ymlgs/drpvmhzi/pakbo/stats.html
3.107.5.41,GET,https://rigby.regular.host/fswyqx/xrnwpi/vmtqfp/reports.xml
59.114.220.251,GET,https://benson.regular.host/fvaobh/qalyjumi/mznde/reports.xml
211.10.122.242,GET,https://benson.regular.host/ovqpfs/landing.html
71.52.41.169,GET,https://rigby.regular.host/quvsrjz/stats.html
65.179.111.21,POST,https://rigby.regular.host/txmqg/lqsgcbxw/nxube/stats.html
238.40.1.33,GET,https://benson.regular.host/yqewabhp/undkjxpm/stats.html
251.141.40.221,GET,https://rigby.regular.host/kasmzl/kvnyxbp/logo.gif
104.248.168.80,GET,https://mordecai.regular.host/sqhobfxa/landing.html
237.46.23.123,GET,https://mordecai.regular.host/fvtql/xksbf/stats.html
230.82.61.111,GET,https://benson.regular.host/ewaouytk/stats.html
40.30.64.93,GET,https://benson.regular.host/xdsoikz/hzuqago/rdajqs/favicon.ico
165.130.25.120,GET,https://mordecai.regular.host/nruadkjc/stats.html
198.206.79.72,GET,https://mordecai.regular.host/thoidzyf/wuzrkx/landing.html
78.181.198.85,GET,https://benson.regular.host/mnskucde/pvhle/jfdnmxai/stats.html
119.55.164.159,GET,https://benson.regular.host/zbawcsrh/favicon.ico
166.155.79.242,GET,https://rigby.regular.host/smitpnwa/landing.html
201.148.98.246,GET,https://mordecai.regular.host/ixtgbln/fpagw/yskghubo/stats.html
211.189.150.204,GET,https://benson.regular.host/lbiejwcr/stats.html
174.2.140.138,GET,https://rigby.regular.host/runxv/stats.html
34.101.178.253,GET,https://mordecai.regular.host/zgnmyar/yhwao/reports.xml
137.239.170.10,GET,https://rigby.regular.host/dbzvuljr/ejvrtyi/favicon.ico
122.27.106.130,POST,https://rigby.regular.host/lqgzhe/landing.html
230.197.153.124,GET,https://benson.regular.host/yvcudjpm/stats.html
148.237.221.144,GET,https://rigby.regular.host/uclovzx/stats.html
196.38.80.214,POST,https://mordecai.regular.host/jecobv/iphbnlc/irwblut/landing.html
143.81.45.107,GET,https://benson.regular.host/uakhn/favicon.ico
